Date,mBank,PKO BP,Alior Bank,Santander Bank Polska,Bank Pekao ,ING BSK,Bank Handlowy,Bank Millennium,BOÅš,BNP Paribas Polska
6/1/22,278.4,31.53,33.65,253,92.38,192,62.9,4.832,8.38,61.4
6/2/22,278.2,31.46,34.26,254.2,94.72,192,61.1,4.77,8.32,61.4
6/3/22,276.4,30.89,32.8,255,90.74,193.8,61.5,4.614,8.3,61.6
6/6/22,279.8,32.33,33.41,258,93.8,193,62.1,4.796,8.29,61
6/7/22,270.2,31.48,33.36,250.2,92.02,190.8,61.9,4.76,8.22,59.4
6/8/22,259,30.49,32.24,245.4,90.5,187,60.1,4.62,8.28,59.4
6/9/22,256.2,29.73,30.76,240.8,87.48,183.6,61.1,4.486,8.2,59
6/10/22,250.2,28.97,29.65,228.8,83.44,178,60.2,4.3,7.99,58
6/13/22,234,27.39,27.34,222.2,80.06,176.8,58.7,4.046,7.7,54
6/14/22,233.4,28.16,27.49,233.6,83.48,175.2,59.7,4.012,7.83,50
6/15/22,240,28.94,28.53,236.4,84.38,175.2,59.8,4.072,7.8,50.8
6/16/22,240,28.94,28.53,236.4,84.38,175.2,59.8,4.072,7.8,50.8
6/17/22,238.6,28.09,28.59,235,81.5,173.8,58.8,4.068,7.67,52.4
6/20/22,248,28.49,29.29,243.2,82,176.8,60,4.16,7.67,50.8
6/21/22,247.2,28.68,29.68,245.2,83.34,180,62,4.15,7.8,51.8
6/22/22,245.2,28.37,29.58,239.4,82.12,176,61.2,4.12,7.75,51.6
6/23/22,241.2,27.89,27.66,240,82,173.2,60.8,4,7.92,50.4
6/24/22,239.4,28.91,28.17,248,84.16,175,61.8,4.062,8.08,50.4
6/27/22,239.4,28.75,28.29,242.6,83.5,173.8,62,4.066,7.87,51
6/28/22,239.8,29.45,29.3,245.6,85.5,173.2,63.4,4.05,7.97,51.6
6/29/22,235.2,28.72,28.39,240.4,84.04,180.6,63.5,4.01,8.08,54.4
6/30/22,224.6,28,27.2,233,81.54,170.4,56.2,3.886,7.93,55.6
7/1/22,233.8,27.5,26.5,234.4,80.9,171.4,55.4,3.864,7.81,61.2
7/4/22,225.2,26.9,25.11,225.4,78.2,174.8,52.3,3.716,7.71,55.2
7/5/22,215,26.17,24.49,220.2,76.96,168,50.5,3.658,7.51,55
7/6/22,219.2,26.37,24.8,224,78.08,161.2,50,3.718,7.42,51.8
7/7/22,231,26.4,25.85,232.6,79.12,167,51.9,3.9,7.72,54.8
7/8/22,235.4,27.7,26.44,235.8,81.68,166,53,3.92,7.77,55.8
7/11/22,228,27.15,25.89,235.2,80.2,165.2,54.4,3.88,7.82,55.2
7/12/22,217,26.33,24.69,225.6,75.84,156.8,54.1,3.634,7.46,55.4
7/13/22,208,26.3,24.56,228.2,75.6,158,55.6,3.526,7.38,54
7/14/22,192,25.4,23.75,221.2,73.48,148,56.6,3.412,7.56,54
7/15/22,193.8,25.66,23.75,220.2,74,151,56,3.25,7.4,53.6
7/18/22,200.2,26.12,24.54,229.6,76.4,152,57.2,3.472,7.57,55.2
7/19/22,207,26.5,24.47,232.8,77,153,56.4,3.524,7.53,53.4
7/20/22,209,26.44,25.05,230.4,77.2,157.6,56.7,3.606,7.63,55
7/21/22,214,26.58,24.6,231.6,77,152.8,56.7,3.59,7.62,55.4
7/22/22,211.2,26.42,24.6,230,71.94,157,56.5,3.606,7.55,55
7/25/22,212.8,26.55,24.83,229.6,73.9,159.6,57.4,3.63,7.44,54
7/26/22,204.2,25.75,23.71,222.6,71,159,57.3,3.4,7.5,53
7/27/22,205.8,25.5,23.3,225.2,70.8,154,57,3.43,7.5,54
7/28/22,210.4,25.63,24.1,229.2,71.8,152.8,57.3,3.52,7.66,55.4
7/29/22,220.8,26.19,24.95,234.8,73.2,173,58.7,3.69,7.66,55.2
8/1/22,222.8,26.92,25.25,234.2,74,172.8,57.8,3.69,7.75,58
8/2/22,220.2,26.5,24.81,231.2,73.54,164,59,3.622,7.7,59
8/3/22,216.2,24.6,25.48,234.8,73.5,169,60.9,3.716,7.5,58.6
8/4/22,216,23.95,25.72,236.6,70,159.6,59.5,3.726,7.36,61
8/5/22,217.8,24.03,25.23,226.4,69.78,155,59,3.7,7.58,60
8/8/22,234.8,25.13,27.1,235,72.98,161.6,59.8,3.89,7.74,61.6
8/9/22,232.8,25,28,234.6,73,164.8,59.4,3.952,7.58,60
8/10/22,235.2,25.04,28.39,236.8,73.4,165.4,60,3.886,8.05,59.6
8/11/22,244.6,25.5,28.31,241.6,73.6,163,59.4,3.95,8.1,59.6
8/12/22,251.2,25.35,28.66,247.2,74.02,163,60,4.05,8.53,59.6
8/15/22,251.2,25.35,28.66,247.2,74.02,163,60,4.05,8.53,59.6
8/16/22,258.2,25.37,29.2,248.8,73.64,164.6,60.3,4.2,8.68,59
8/17/22,246,24.09,27.75,235.2,71.18,162,60,3.946,8.37,58.2
8/18/22,253.6,24.7,28.5,244.4,73.6,159.4,59.3,4.032,8.4,57.4
8/19/22,243.8,24.73,28,241,72,155,59.1,3.924,8.13,55
8/22/22,234,24.25,27.54,236,71.84,153.6,57.6,3.77,8.1,51.4
8/23/22,233,24.05,26.8,233,69.5,150,57.4,3.81,8.03,51.8
8/24/22,228,23.48,27,227.6,67.3,148.4,55.8,3.734,8.1,49.2
8/25/22,232,24.48,26.98,233,69.5,148,57.2,3.846,8.11,51.4
8/26/22,227,23.56,26.7,227.6,67.14,146.2,55.1,3.718,7.92,51.4
8/29/22,217.4,23.17,25.7,220.2,66.04,143,54.2,3.6,7.67,49.2
8/30/22,213.2,22.87,25.71,215,65.46,130,57.5,3.602,7.5,48.8
8/31/22,217,23.52,26.05,214.2,65.2,133,59.4,3.784,7.72,48.9
9/1/22,206,22.09,25.4,205,61.48,137.4,57.8,3.626,7.24,49
9/2/22,215.6,23.39,26.2,212.2,62.5,144.2,58.8,3.794,7.32,49
9/5/22,217,22.84,26.4,209,62.44,144.4,56.8,3.82,7.13,49
9/6/22,215,22.77,26.22,208,62.08,143.6,58.2,3.69,6.73,49.8
9/7/22,212,22.51,26,206.4,62.8,147.6,59,3.75,6.68,49.8
9/8/22,227.8,23.13,27.18,210,64.44,151.6,59.6,3.82,6.6,50.2
9/9/22,245.8,24.29,28.25,217,68.58,154,60,4.02,6.98,50.2
9/12/22,256,25.31,29.2,223.8,72.36,156.4,61,4.1,7.15,50
9/13/22,254.2,24.51,28.4,222,70,150.2,60.9,4.08,6.86,49.9
9/14/22,263.4,24.39,28.68,222.2,70.28,146.8,60.9,4.114,6.75,49.9
9/15/22,259.2,24.6,28.38,224.4,71,152,61.8,4.08,6.93,49.3
9/16/22,251.6,23.66,27.15,213.2,68.2,143,61.1,3.864,6.9,46.7
9/19/22,249,24.31,28.26,221.4,69.76,149,61.7,3.92,6.89,46.7
9/20/22,248.6,23.72,27.23,215.8,67.64,141.6,63,3.85,6.7,48.1
9/21/22,244.2,23.29,26.66,211.2,66.54,138.2,62.1,3.812,6.73,48
9/22/22,244,23.35,26.25,217.4,67.1,139,62,3.97,6.74,48.9
9/23/22,228.4,22.68,24.92,212.6,64.7,136.4,61.2,3.788,6.7,48
9/26/22,223.8,22.45,24.69,206.2,64,139.8,56.8,3.52,6.49,48
9/27/22,224.8,22.71,25.62,209,64.54,138,55.6,3.488,6.69,49
9/28/22,215,22.46,24.74,206.6,63.12,139.8,55.7,3.394,6.56,52
9/29/22,203.2,21.75,23.69,196.3,61.18,134,53.5,3.3,6.34,51
9/30/22,200.4,21.84,23.12,196.9,60.7,139.2,54.3,3.332,6.61,51.8
10/3/22,195.4,21.8,23.35,195.5,60.04,141,54.3,3.28,6.75,50.6
10/4/22,210.2,22.94,24.6,208.4,63.7,144.8,57,3.478,6.8,50.6
10/5/22,203.6,22,23.42,199.5,61.5,138.2,55.6,3.34,6.72,50.6
10/6/22,200,22.11,24.2,197.8,62.7,138,54.9,3.328,6.54,51.2
10/7/22,195.8,22.2,23.71,195.4,63.88,135.4,53.6,3.35,6.5,50.8
10/10/22,185.1,21.47,23.54,191.7,63.28,135.8,53,3.314,6.37,50.2
10/11/22,183.9,21.7,23.8,194.5,65,137.2,54.8,3.306,6.31,50
10/12/22,183.2,22.1,23.62,196,66,135.2,54.9,3.25,6.37,49.1
10/13/22,180.6,21.88,24.42,197.2,65.14,132.4,55.6,3.326,6.38,49.6
10/14/22,188.3,22.54,24.8,207.8,67.34,138.2,54,3.408,6.47,49.4
10/17/22,186.2,22.93,25.18,211,68.14,146,56.1,3.48,6.5,50.2
10/18/22,202.6,23.73,26,223,72.1,144.4,58.4,3.598,6.59,49.9
10/19/22,204,23.21,26.2,222,70.2,140,58.2,3.446,6.43,50
10/20/22,218.6,24.1,26.9,230,72.64,148,57.1,3.574,6.54,50.8
10/21/22,229.6,24.25,26.36,233,72,143.6,57,3.546,6.55,50.6
10/24/22,234.2,24.52,27.05,234.2,73.1,143.6,60,3.754,6.76,50.2
10/25/22,239,24.49,27.15,233,73.06,148.6,59.2,3.95,7.06,50.4
10/26/22,246,24.86,28.48,239.8,74.62,154.6,59.8,4.08,7.24,49.6
10/27/22,255.6,25.31,28.99,239.4,76.1,158,60.7,4.2,7.23,50.6
10/28/22,255,25.72,29.1,241,77,159.4,60.6,4.3,7.15,50
10/31/22,267.6,26.07,29.4,254.2,78.44,166.4,61.8,4.36,7.68,50
11/1/22,267.6,26.07,29.4,254.2,78.44,166.4,61.8,4.36,7.68,50
11/2/22,269.8,26.41,29.48,254.2,79.46,161.2,61.8,4.322,7.5,49.8
11/3/22,260.8,25.9,29.1,248.4,77.1,158,61.4,4.236,7.37,49.8
11/4/22,265.8,25.65,29.8,252.4,75.82,171.8,62.8,4.432,7.68,50
11/7/22,275.8,26.63,32.18,261,79.38,169.2,63.5,4.53,7.65,52.6
11/8/22,288.6,26.68,32.71,261,79.68,167.4,64.3,4.66,7.7,57.2
11/9/22,312.2,26.77,33.6,267.4,80.04,167.4,64.6,4.918,8.22,56.8
11/10/22,320,27.6,33.88,268.2,82.02,164,67.9,5.03,8.6,56
11/11/22,320,27.6,33.88,268.2,82.02,164,67.9,5.03,8.6,56
11/14/22,339.8,28.62,34.4,275.4,85.9,175,66,5.105,8.68,56
11/15/22,335.2,29.45,34.38,280.8,87.9,177.4,68,4.95,8.68,56.4
11/16/22,331.4,28.61,33.69,275.8,86,168,69,4.9,8.43,55
11/17/22,327.6,27.88,32.6,272.4,83.34,164.4,67.4,4.82,8.08,53.4
11/18/22,320.2,28.06,33.06,272,83.8,163,68.9,4.862,8.22,54
11/21/22,313.8,27.86,32.34,270.4,83.36,161,67.5,4.624,8.16,54
11/22/22,312.4,28.15,32.72,270.4,84,160.6,69.9,4.628,8.11,54
11/23/22,314.8,28.07,33,269,83.76,162,69.5,4.668,8.11,54
11/24/22,320.2,28.87,33.84,273,85.76,165,70.2,4.7,8.24,54
11/25/22,322.6,28.86,33.9,270.8,86.28,164,72.5,4.75,8.06,55
11/28/22,314,28.59,34.83,269.6,84.68,164.6,72.3,4.712,8.03,56.2
11/29/22,316,28.35,34.8,268.4,83.88,164.4,72.9,4.644,7.95,55.6
11/30/22,315.2,28.35,36.06,273.6,83.9,164.4,73.8,4.64,8.13,56.4
12/1/22,319,29.67,35.95,270,85.78,168.2,75,4.7,8.03,58
12/2/22,312,28.87,35.62,270,84.5,168.2,75,4.574,8.13,59.6
12/5/22,308.6,29.35,35.98,268.4,85.38,166.4,74,4.71,8.5,59.8
12/6/22,296.4,28.85,34.26,264,83.02,160,71.5,4.58,8.57,59.2
12/7/22,295,28.73,34.6,263.2,83.54,158.2,71.3,4.586,8.66,57.6
12/8/22,285.6,28.14,34.16,259.4,82.48,156.2,69.8,4.486,8.58,57.4
12/9/22,281.2,28.59,33.99,258.8,82.64,156,72,4.44,8.5,58
12/12/22,289.4,29,34.2,260.4,84.54,157,71.2,4.44,8.8,58.8
12/13/22,290,29.44,34.93,268,85.64,159.8,71.7,4.546,8.68,58.2
12/14/22,295,29.49,34.94,266.6,85.76,160.6,72.1,4.636,8.7,58.8
12/15/22,285,29.23,33.7,256.8,84.12,155.2,70.1,4.56,8.57,58.6
12/16/22,281.2,28.91,33.31,256.2,83.88,152,73,4.662,8.38,56.4
12/19/22,279.2,29.1,33.25,256,83.84,153,73.5,4.552,8.41,57
12/20/22,282.2,29.51,33.57,256.6,85.6,158.8,75.8,4.57,8.36,57
12/21/22,293.2,30.42,33.94,260.2,86.96,162,76,4.698,8.43,57
12/22/22,301.4,30.27,33.67,261.4,86.88,166.6,75.4,4.696,8.48,56.6
12/23/22,300,29.97,33.3,259.6,85.7,166,73.9,4.642,8.4,56.4
12/26/22,300,29.97,33.3,259.6,85.7,166,73.9,4.642,8.4,56.4
12/27/22,287,29.7,33,255.8,84.86,166.6,74,4.52,8.28,54.2
12/28/22,293,29.94,33.25,257,85.66,166.8,73.4,4.56,8.2,56.4
12/29/22,296.8,30.55,34.15,261.6,87.4,166.8,74,4.622,8.45,56.4
12/30/22,296,30.29,34.27,259.4,86.5,164.8,75.6,4.58,8.44,56
1/2/23,297.4,30.27,34.7,256,86.52,164.2,76.6,4.73,8.51,56.8
1/3/23,322.2,31.76,38.39,268.6,90.9,170.6,78.8,5.07,9.09,57.8
1/4/23,334,32.67,41.05,282.8,93.48,177,80.3,5.595,9.4,57.8
1/5/23,336.4,33.19,41.72,287,94.48,178.4,79,5.64,9.39,57
1/6/23,336.4,33.19,41.72,287,94.48,178.4,79,5.64,9.39,57
1/9/23,345,34.43,42.95,295.8,98.46,182.6,79.8,5.585,9.48,56.8
1/10/23,356,35,43.48,298.8,99.8,181,81.5,5.67,9.45,56.4
1/11/23,339.8,34.45,41.71,293,98.96,179,79.1,5.31,8.95,56
1/12/23,344.4,35.58,42.42,299,101.35,182,80.4,5.52,9.12,57
1/13/23,343.6,35.32,42.09,297.6,101,179,79.1,5.5,9.09,56.4
1/16/23,350.6,35.82,42.44,302.6,101.8,179.8,79.6,5.45,9.04,55.4
1/17/23,335.2,34.64,42,293.6,97.78,174,76.7,5.23,9.07,55.6
1/18/23,332.8,34.13,40.75,291,95.9,171.6,77.2,5.155,9.05,55.6
1/19/23,331,33.9,39.76,288.2,95.2,168.6,77.2,5.23,8.8,55.8
1/20/23,330.2,33.88,40.52,288.2,95.4,171.2,77.1,5.265,8.85,56.2
1/23/23,328,34.05,40.54,294.2,96.7,175.8,78.5,5.14,8.99,56.2
1/24/23,329,33.98,40.31,293.2,96.4,174.6,77.2,5.095,8.95,56.8
1/25/23,313.4,32.62,38.49,282,91.9,172,74.3,4.752,8.5,53.8
1/26/23,322.6,32.63,38.8,284.4,92.52,171,76.4,4.82,8.65,53.6
1/27/23,317.4,32.22,38.8,282.4,91.48,171.8,77.6,4.786,8.68,53
1/30/23,309.2,31.53,37.06,281.6,90.12,166.4,77.5,4.594,8.7,53
1/31/23,317.8,32.16,39.19,287,92.2,172.6,81,5.14,8.93,53
2/1/23,314.8,32.16,39.25,283,90.86,172.8,78.8,5.05,8.79,53
2/2/23,318.8,32.35,39.81,287.2,92.34,171.6,80.1,5.05,9.06,52
2/3/23,320,32.72,40.2,290,93.4,172.8,81.5,5.08,8.85,52.2
2/6/23,312.6,31.84,39.1,282.6,91,170.2,80.1,4.942,8.6,52.2
2/7/23,312.6,31.81,39.09,284,91.2,168.4,81.4,4.914,8.68,52.4
2/8/23,318,32.25,38.94,286.6,92.44,169.2,82,4.954,8.8,52
2/9/23,319,32.8,40.53,288.8,94.16,173.8,84.2,5.005,8.9,50
2/10/23,309.4,32.13,38.87,284.8,91.84,171.4,82.4,4.87,8.79,49.3
2/13/23,313,32.3,38.8,285,92.7,165.4,84.5,4.82,8.7,48.9
2/14/23,320,32.74,39.37,288,93.66,167.2,83.3,5.05,8.76,49
2/15/23,321.4,33.04,39.52,289.8,93.86,168,81.9,5.015,8.74,49
2/16/23,327.2,32.36,40.8,289.2,95.16,172,83.8,4.84,8.96,48.6
2/17/23,322,31.92,39.84,287.2,92.1,168.8,82.5,4.81,8.67,49.5
2/20/23,319.2,31.35,39.46,287.6,90.14,167.6,82.5,4.7,8.83,50
2/21/23,314.6,30.73,39,285,88.34,167.4,80.8,4.546,8.84,49
2/22/23,312,30.04,38.5,281.2,86.42,163.2,80.6,4.376,8.72,49
2/23/23,314,30.56,39.07,281.6,87.34,166.2,80.8,4.48,8.66,49.2
2/24/23,317.6,30.6,39.72,285.6,88.14,166,80.2,4.462,8.69,49
2/27/23,316,30.56,39.82,296.6,88.22,168.2,82.3,4.43,8.67,49.3
2/28/23,328,31.08,40.61,298.8,89.68,170.8,83.5,4.53,8.7,50
3/1/23,323.8,31.35,40.25,300,89.7,172.6,83.9,4.564,8.73,49.6
3/2/23,311.2,30.53,39.6,286.2,87.36,166.8,81.7,4.42,8.64,49.6
3/3/23,316.2,30.97,39.5,291.2,88.68,170.2,81.9,4.454,8.78,50
3/6/23,326.4,31.6,40.48,302,91.1,175,83.8,4.702,8.96,50.6
3/7/23,321,30.99,41.02,296,90.66,175,85.2,4.6,9.1,51.4
3/8/23,321.8,31.1,41.75,298.6,91.1,173.6,83.4,4.61,9.2,50.6
3/9/23,317.8,30.5,41,298,89.62,175,83.2,4.538,9.36,51
3/10/23,304.2,29.78,39.34,287.2,85.62,172,82,4.368,9.2,50.2
3/13/23,295.8,28.91,38.5,282.2,82.42,164.4,79.8,4.182,9.1,48.4
3/14/23,294.6,28.83,39.02,281.8,82.72,166,80.9,4.276,9.06,47.5
3/15/23,286,27.97,36.88,280,80.22,158.4,77.8,4.068,8.82,46.8
3/16/23,283,27.2,36.66,278.2,79.88,157.8,79.7,4.044,8.8,47.6
3/17/23,272.8,26.46,34.4,270.6,77.38,159.2,78.8,3.878,8.8,51.2
3/20/23,273.8,26.76,33.93,264.6,78.88,158.4,80.5,3.932,8.64,51
3/21/23,288,27.98,34.7,274.6,82.66,160,81.1,4.06,9.03,49.7
3/22/23,281.2,27.56,34.29,272.8,81.2,157,81.3,3.974,9.1,49.4
3/23/23,283,27.4,34.46,274.6,81.2,160,80.6,3.92,9.15,48.6
3/24/23,274.2,26.72,34.11,271.2,78.9,158.2,79.6,3.84,8.82,48.3
3/27/23,277,27.07,35.7,272.2,80.3,161,80.8,3.8,8.88,48.4
3/28/23,286.8,27.2,36.86,286,81.66,160.6,80.8,4.09,9.08,49.7
3/29/23,298.8,28.05,37.84,293.4,83.66,157.6,81,4.256,8.93,50.2
3/30/23,305.8,28.81,38.57,297.8,85.48,161.8,81.8,4.424,9.06,53.2
3/31/23,306.4,28.52,38.75,291.8,85.46,164,81.6,4.452,9.11,53.2
4/3/23,319,29.05,39.3,300,87.1,169,82,4.588,9.29,54.6
4/4/23,324.4,28.89,40.23,298.8,86.94,167.4,82.4,4.542,9.28,54.2
4/5/23,320.8,28.64,38.94,294,85.16,165.8,82.5,4.55,9.24,54
4/6/23,323.4,28.67,39.13,295,86.18,163,82.7,4.63,9.9,51.4
4/7/23,323.4,28.67,39.13,295,86.18,163,82.7,4.63,9.9,51.4
4/10/23,323.4,28.67,39.13,295,86.18,163,82.7,4.63,9.9,51.4
4/11/23,329.8,29.25,41.06,304.8,88.02,169.8,84.8,4.812,10.12,53.8
4/12/23,342.2,30,42.3,312.6,90.28,167.4,84.8,5.11,10,54.6
4/13/23,350.8,30.83,44.24,313,91.9,166.6,86.5,5.365,10.14,56
4/14/23,356.6,31.29,45.1,321.8,93.5,165,86.9,5.3,10.08,56
4/17/23,356,31.4,45.42,325.8,93.96,166,87.8,5.31,9.98,57
4/18/23,360,32.35,45.25,329.8,96.1,167,88.6,5.415,9.9,56.8
4/19/23,365.2,32.47,44.94,340,96.88,165.6,88.5,5.37,9.84,56.6
4/20/23,366.2,32.63,45.08,345.4,98,165.4,88.3,5.195,10.3,56.6
4/21/23,366.4,32.58,45.73,337,97.44,162.4,88.8,5.03,10.36,55.2
4/24/23,352.2,32.73,45.04,348.2,98.5,162.4,89.5,4.96,9.91,54.6
4/25/23,349.4,32.11,44.63,340,97.7,161,89.2,4.934,9.85,54
4/26/23,338,31.79,43.6,334.4,96.16,160,88.2,4.902,9.76,52.8
4/27/23,354.6,32.54,44.7,345.4,98.8,159,90,5.05,9.9,53
4/28/23,347.5,32.07,43.4,338.2,95.98,158.4,89.9,4.93,9.86,52.6
5/1/23,347.5,32.07,43.4,338.2,95.98,158.4,89.9,4.93,9.86,52.6
5/2/23,341.7,31.62,42.83,335.2,95.2,160,90,4.896,9.7,53
5/3/23,341.7,31.62,42.83,335.2,95.2,160,90,4.896,9.7,53
5/4/23,334.3,30.37,41.63,330,92.14,156.6,88.5,4.72,9.3,51.2
5/5/23,344.7,31.13,42.32,329.8,94.76,160.4,81.3,4.83,9.67,51
5/8/23,354.7,31.27,42.35,334,94.7,166,81.2,4.898,9.65,52.6
5/9/23,346.8,31.12,42,333,94.62,172.8,80.5,4.778,9.79,53
5/10/23,355.2,31.18,42.82,333.6,95.5,175,79,4.78,9.87,54.6
5/11/23,349.5,31,42.77,330.2,95.04,169,78.3,4.732,9.84,53.2
5/12/23,350.1,31.35,43.4,332,95.88,165,75.2,4.846,9.8,56
5/15/23,339.9,31.37,42.22,328.2,95.68,165.2,77.4,4.7,9.78,54.8
5/16/23,345.8,31.63,42.3,328,96.6,166.8,77.3,4.68,9.66,54.8
5/17/23,341.1,31.67,41.93,326,96.66,171.4,78.8,4.7,9.68,54.8
5/18/23,344,32.23,42.4,329.6,98.64,168.6,77.6,4.656,9.76,53.8
5/19/23,364.9,33.25,43.6,348.6,101.6,171.8,77.5,4.824,9.65,53.6
5/22/23,366.5,33.52,43.9,350.8,101.65,175.6,77.8,4.888,9.6,53.4
5/23/23,370,33.74,44.23,351.8,102.6,178,79.9,4.882,9.5,53
5/24/23,360,32.63,42.77,341.4,99.86,170.2,77.4,4.68,9.54,51.8
5/25/23,368,32.97,43.53,348.6,101.3,170,79.5,4.652,9.35,51.6
5/26/23,378,34.07,44.28,350.2,103,170.6,79.4,4.748,9.4,52.4
5/29/23,379,34.08,43.6,352.8,102.35,168,79.6,4.784,9.4,52
5/30/23,366.6,33.13,42.42,347.2,100.5,168.2,79.4,4.634,9.3,51.4
5/31/23,352.8,32.08,40.43,336.6,96.26,163.4,82.6,4.454,9.29,51.2
6/1/23,356.8,32.8,41.59,345.4,98.68,166.8,83.5,4.65,9.28,51.2
6/2/23,384.5,34.47,44.49,366.4,104.3,171,86.9,4.83,9.47,53.8
6/5/23,388,34.3,44.48,367.4,102.9,168.4,86.3,4.66,9.31,52.4
6/6/23,396,35.78,46.45,380.2,106.75,169,89,4.742,9.6,53.6
6/7/23,379.6,35.32,45.1,370.8,105.85,169,87.2,4.71,9.5,54.6
6/8/23,379.6,35.32,45.1,370.8,105.85,169,87.2,4.71,9.5,54.6
6/9/23,397.7,35.79,45.55,389.2,108.7,168.6,88.7,4.7,9.35,56.4
6/12/23,378.9,35.34,44.44,377,108,169.6,86.4,4.564,9.56,56.4
6/13/23,375.8,34.95,43.4,370.4,106.9,165,85.8,4.49,9.14,55.4
6/14/23,394.2,35.6,45.22,386.4,112,169,88.3,4.716,9.43,56
6/15/23,396.4,35.67,45.45,390.4,112.05,173.8,88.8,4.91,9.24,55
6/16/23,404.4,36.17,45.92,389.2,112.1,175.6,87.9,4.752,9.26,56
6/19/23,396.8,35.92,46.07,384.8,110.8,180.8,89.1,4.76,9.21,55.8
6/20/23,394.4,35.53,45.87,382.2,109.45,182.6,88.4,4.89,9.21,55.4
6/21/23,396,35.97,47.14,385,111.5,181,87.4,5.05,9.33,56.4
6/22/23,395.2,36.23,47.02,388.8,112.2,179.4,88.4,5.265,9.3,57.4
6/23/23,385.8,35.26,45.3,372.8,108.3,173,86.3,5.215,9.25,56.2
6/26/23,408.1,36,47.33,386.2,110.95,180,86.3,5.68,9.29,57.2
6/27/23,407.5,35.35,47.02,385,108.8,177.6,86.9,5.88,9.49,59
6/28/23,404,35.62,47.3,385.4,107,176.6,86.9,5.955,9.37,59
6/29/23,406,36.08,47.32,390.6,109.3,182.8,87.1,5.85,9.54,59
6/30/23,406.1,36.15,48.36,389,110.8,187.4,86.4,5.76,9.52,60
7/3/23,416.8,37.02,50.24,391.4,107,182.2,87.2,5.845,9.5,59.6
7/4/23,412,36.51,49.5,378,105.45,185.8,87.1,5.675,9.4,59
7/5/23,396.6,36,48.01,371.4,102.9,185,85,5.56,9.19,58.6
7/6/23,409.1,35.76,48.72,374.4,103.6,183.8,85.6,5.62,9.29,59.2
7/7/23,418.2,36.65,49.6,381,106.1,184,86.5,5.66,9.11,61
7/10/23,407.3,36.73,50.6,373,106.4,190,86.5,5.6,9.26,61
7/11/23,416.8,36.87,51.46,383.8,106.3,192,85.5,5.77,9.42,62.4
7/12/23,432.9,38.58,53.8,399.2,111.2,202.5,87.5,6.17,9.49,63
7/13/23,436,39,54.7,392,112.7,198.4,87.8,6.22,9.58,63
7/14/23,450,38.94,54.72,402.6,112.2,202,88.5,6.535,9.71,64.2
7/17/23,454.4,39.1,55.42,401.2,111.6,202,89,6.59,9.8,63.6
7/18/23,466,39.94,56.5,414.8,114.4,202.5,88.6,6.7,9.85,64.4
7/19/23,465.8,39.89,57.8,406,114.95,201,90,6.78,9.93,64
7/20/23,463.1,39.64,57.4,405.8,114.4,202,90.4,6.62,9.86,64
7/21/23,454.7,39.43,56.3,406,112.7,202.5,89.4,6.605,9.8,64
7/24/23,461,39.8,57.56,405,114.15,200,89.9,6.645,9.75,65.4
7/25/23,464.3,39.65,57.2,404,113.8,201.5,89.6,6.62,9.69,64.2
7/26/23,469.9,39.59,56.56,400,114,198.4,89.5,6.53,9.7,64.4
7/27/23,477,40.48,58.2,400,117.65,197,89.8,6.55,9.68,65
7/28/23,477,40.52,58.18,402.2,118.05,195,89.3,6.6,9.72,64
7/31/23,478.2,40.66,58.04,397.4,118.3,199.8,90,6.55,9.57,65
8/1/23,470.6,40.33,57.6,393.2,117.2,196,87.9,6.35,9.48,65.6
8/2/23,461.3,39.54,57.5,384.6,115.55,191.2,86.7,6.315,9.45,64
8/3/23,458.8,39.78,57.6,385,115.4,199.4,85.8,6.255,9.54,63
8/4/23,467,40.34,59.36,392.8,117.35,200,87.5,6.27,9.47,66
8/7/23,461.1,39.89,58.66,390.6,117.25,195,88.1,6.17,9.35,63
8/8/23,448.1,39.21,55.84,382,112.45,189,86.6,6.02,9.42,60
8/9/23,448.4,39.2,56.98,382.2,112.35,189,85.7,6.16,9.25,60
8/10/23,452.3,39.55,59.38,392.4,113.5,191,86.1,6.125,9.21,61.2
8/11/23,448.7,39,58.84,386.4,112.3,194.2,87,6.125,9.25,60.4
8/14/23,448.1,38.6,57.72,387.2,109.8,200.5,86.7,6.03,9.25,60
8/15/23,448.1,38.6,57.72,387.2,109.8,200.5,86.7,6.03,9.25,60
8/16/23,427.8,37.13,55.7,376.4,107.15,199,85.8,5.715,9.19,59
8/17/23,416,36.6,53.52,368.4,105.6,196.2,85.2,5.685,9.25,60.8
8/18/23,419.5,36.77,55,370.4,105.9,194.4,85.1,5.86,9.2,61.8
8/21/23,420.2,37.06,55.08,376.4,106.8,200,86,5.91,9.12,61
8/22/23,415.8,36.71,53.96,375.2,104.9,193.6,85.4,5.845,9.14,62.6
8/23/23,409,37.02,53.52,378.6,105.5,188.8,84.4,5.945,8.88,61.2
8/24/23,412.1,37.4,53.34,378,107.05,191,84.5,5.975,8.73,61.4
8/25/23,413.8,37.13,52.42,376.4,106.4,186,85,5.785,8.88,61.8
8/28/23,426.9,37.93,54.7,384.4,109.5,191,85.6,5.95,8.8,61.8
8/29/23,432,37.88,55.68,382.2,108.85,193.4,85.7,6.22,8.65,62
8/30/23,438.4,38.06,56.5,383.6,109.7,193,85.2,6.175,8.75,61.4
8/31/23,429,37.35,56.18,371.6,107.9,195.6,86.5,6.075,8.7,64
9/1/23,428,37.86,55.54,379.6,109.1,192.6,86.8,6.035,8.68,63.8
9/4/23,418.3,37.51,54,369.4,106.9,190,85.8,5.82,8.7,62
9/5/23,422.8,37.17,54,365.4,105.15,188,85.3,5.82,8.74,62
9/6/23,408.5,35.34,51.4,356.6,100.1,186,85.5,5.54,8.39,61.2
9/7/23,401.4,35.26,49.04,351.6,99.02,190,82.2,5.43,8.26,60.2
9/8/23,398.7,35.17,49.71,355,99.94,196,83.2,5.565,8.68,61.6
9/11/23,399.7,35.14,49.78,358.8,99.72,194.4,82.2,5.46,8.51,61.4
9/12/23,400.9,35.26,50.22,358.4,100.35,188,83.5,5.445,8.52,60.8
9/13/23,407.1,35.33,51,357.4,100.35,194,83,5.55,8.61,61.2
9/14/23,404.6,35.51,51.8,356.8,102.15,194,83,5.63,8.61,60.4
9/15/23,407.8,35.54,51.66,353.6,101.7,192.6,81.6,5.71,8.76,59.6
9/18/23,397.6,34.69,49.87,346,98.8,191,81.2,5.445,8.7,60
9/19/23,394.2,35.14,49.96,350.2,101.3,192.8,80.3,5.51,8.58,61
9/20/23,400.6,35.63,51.8,372.2,103.85,191,81.9,5.58,8.72,60.8
9/21/23,396.3,35.28,50.52,360.8,101,185.4,81.2,5.45,8.75,60.8
9/22/23,390.2,34.59,49.82,354,99.16,183.6,81,5.42,8.56,61.2
9/25/23,381.1,33.89,49.2,348.4,97.54,183,80.2,5.355,8.6,61
9/26/23,388.4,34.77,49.9,354,99.66,185.6,81,5.39,8.39,60.2
9/27/23,381.6,34.01,48.55,349.4,97.82,178,79.6,5.42,8.07,60
9/28/23,382.6,33.96,49.6,349.8,98.06,177.8,79,5.55,8.16,59.6
9/29/23,395.3,34.72,51.8,360,100.95,180,79.8,5.7,8.3,59.4
10/2/23,385.1,33.76,50.34,350.6,98.94,173,80.6,5.505,8.28,59.2
10/3/23,378.2,33.88,49.5,349,98.2,176,79.7,5.66,8.2,56.8
10/4/23,395.7,34.57,52.5,360.6,101,179.4,80.6,5.845,8.44,56.6
10/5/23,396.5,34.79,52.84,361.8,102.6,178,79.6,5.995,8.92,60
10/6/23,418,36.3,55.74,372.4,105.85,179.4,79.2,6.325,8.75,60
10/9/23,434.4,36.7,58.32,377.2,108.7,187,79.8,6.275,9.05,59
10/10/23,440,38.4,58.38,387.4,110.95,189,83.8,6.57,9.24,60
10/11/23,447.3,39.29,60.66,392.4,112.15,191,84.6,6.69,9.14,59.8
10/12/23,445.6,38.87,59.84,386.6,112.75,191.6,84,6.715,8.71,59
10/13/23,451.4,38.65,60.6,391.8,111.8,193.4,82.8,6.78,8.7,62
10/16/23,490,43,62.5,422.2,126.65,206.5,85.2,7.4,9.05,64.8
10/17/23,505,43.1,63.2,430.2,127.85,210,84.7,7.46,9.3,65.4
10/18/23,500.6,41.82,62.3,420,123.85,211.5,83.5,7.285,9.18,62.8
10/19/23,491.3,40.55,62,411.8,118.95,206,83,7.03,8.9,62.6
10/20/23,479.4,39.98,61.88,406.6,116.5,202.5,82.1,7,8.79,62.8
10/23/23,480.2,40.28,61.74,405,118.9,205,85,6.995,8.99,61.6
10/24/23,500,41.12,64,409.2,123.5,208,85,7.16,9.12,63
10/25/23,519.8,42.03,64.8,429.8,126.45,208,87.5,7.455,9.06,63
10/26/23,519,42.65,66,438.8,127.6,209.5,86.6,7.435,9.12,63.2
10/27/23,505.2,42.02,65.1,439.8,125.65,205,85.5,7.32,9.17,63.6
10/30/23,521.8,42.73,65.88,454,128,213.5,85.9,7.37,9.27,65.2
10/31/23,519.8,43.52,66.18,456.4,127.7,218.5,86.3,7.32,9.27,64.6
11/1/23,519.8,43.52,66.18,456.4,127.7,218.5,86.3,7.32,9.27,64.6
11/2/23,523.6,43.24,66.16,462.4,129,220,86,7.02,9.47,65
11/3/23,528.4,43.53,66.82,459.6,128.25,231,86.9,7.195,9.45,64
11/6/23,527.8,43.6,68.1,459.6,128.15,237.5,87,7.4,9.5,65.2
11/7/23,532,43.18,68.5,459.6,127.5,229.5,86.4,7.405,9.33,67.2
11/8/23,522.8,42.36,68.82,457.8,125.7,234,86.5,7.425,9.45,67.8
11/9/23,534.8,43.88,69.62,474.4,130.85,240,88,7.505,9.45,66.6
11/10/23,523.4,43.8,68.34,465.8,129.5,238,87.2,7.4,9.4,66.4
11/13/23,528.8,43.74,69.24,469,129.75,228.5,86.1,7.45,9.4,66.2
11/14/23,553,46.64,71.94,492.8,137.75,238,90.4,7.715,9.5,67.6
11/15/23,538.4,46,71.44,478,135.95,230.5,92.7,7.645,9.44,68.2
11/16/23,552.2,46.93,71.82,483,137.1,238,96.3,7.7,9.3,69
11/17/23,559,47.68,72.68,488.8,138.75,239,95,7.7,9.32,69.4
11/20/23,567,48,75.12,492,139.4,243,98.1,7.95,9.42,72.4
11/21/23,564.2,47.44,73.5,494.6,138.95,241.5,97.7,7.91,9.3,75.8
11/22/23,569,47.11,74.18,490.4,139.3,245,98.2,7.88,9.23,76.6
11/23/23,565.2,46.74,74.38,488.8,138,245,99.7,7.67,9.3,76.6
11/24/23,555.2,46.52,74.36,490,137.7,245,100,7.65,9.04,75.2
11/27/23,542.6,45.99,73.26,484.6,136.45,244,98.2,7.65,8.96,74.8
11/28/23,560.4,46.91,76.26,494.4,138.85,250,99.2,8.12,9.13,75.6
11/29/23,563.2,47.75,77.4,504.5,140.15,243,98.6,8.185,9.1,75.2
11/30/23,564.2,47.53,77.18,496.8,140.55,242,96.9,7.945,9.15,75.8
12/1/23,573.8,49.55,79,509.5,147.8,249,98.1,8.105,9.15,79.2
12/4/23,571.2,49.3,77.5,510,146,249,98.2,8.08,9.12,81
12/5/23,570,49.3,76.8,513,146.85,255.5,98,8.215,9.1,82.6
12/6/23,560.2,49.43,76.9,507.5,146.45,264,97.5,8.025,9.29,82.8
12/7/23,555.8,49.27,76.6,508.5,147.3,263,98.2,7.935,9.2,82
12/8/23,560,49.54,77.2,510.5,147.6,265,99,8.07,9.35,81.6
12/11/23,554,49.51,76.64,514,146.8,272.5,99.1,8.2,9.42,81.2
12/12/23,544.2,49.23,75.78,509,146.05,263.5,99.5,8.125,9.37,81
12/13/23,542,49.4,75.9,513.5,147.55,265.5,99.7,8.1,9.38,81.4
12/14/23,538,49.5,75.32,517,148.9,264.5,99.8,8.1,9.69,80.8
12/15/23,530.4,49.11,75.08,503,146.15,258.5,100.8,8.03,9.69,83.2
12/18/23,538.6,50.4,75.3,510.5,150.05,264,102,8.35,10.08,82.4
12/19/23,550.8,50.78,78.2,503,150.85,269,102.8,8.46,10.9,83
12/20/23,546,50.46,76.7,511,149.5,265,101,8.545,11.52,84
12/21/23,549.4,50.3,76.3,488,151.35,261.5,99.9,8.34,11.58,82.4
12/22/23,548,50.3,77,493,151.4,261,100.8,8.34,11.54,84.2
12/25/23,548,50.3,77,493,151.4,261,100.8,8.34,11.54,84.2
12/26/23,548,50.3,77,493,151.4,261,100.8,8.34,11.54,84.2
12/27/23,554,51.3,77.56,496.2,153.25,263,100.4,8.35,11.48,86.2
12/28/23,546,50.58,76.8,488.8,152.8,258,101,8.35,11.46,85.8
12/29/23,535,50.32,76.34,489.8,152.05,256,101.4,8.355,11.24,85.6
1/1/24,535,50.32,76.34,489.8,152.05,256,101.4,8.355,11.24,85.6
1/2/24,525,49.63,73,484.6,149,253,102.8,8.1,10.88,82.8
1/3/24,527.8,50.04,74.68,483.8,150.25,257.5,102.2,8.085,10.8,84.8
1/4/24,527,49.74,74.18,483.8,149.8,258,100.8,8.3,10.96,82.8
1/5/24,525.6,49.74,74.5,484.8,147.5,248,101,8.3,10.8,81.8
1/8/24,537,50.22,75.38,488,150.55,251,101.8,8.69,10.8,82.2
1/9/24,531.2,50.6,75.04,483.8,151.1,257,101.6,8.42,10.8,84
1/10/24,531.2,49.52,73.32,478.2,147.5,261,102,8.38,10.8,84
1/11/24,514.4,48.45,70.42,469.2,144.9,258,100.4,8.1,10.8,84.8
1/12/24,526.6,49.4,71.5,472.4,147.85,258,101,8.205,10.7,84.4
1/15/24,512.8,48.9,70.52,465.4,144.85,248.5,100.8,8.11,10.46,82.6
1/16/24,510.2,48.7,70.5,461.8,144,250,100.4,8.25,10.22,82
1/17/24,493.2,48.6,68.88,457.6,143.15,247,99.8,7.87,9.92,81
1/18/24,493.7,49.5,71.02,462.6,146.25,247,101.2,7.98,10.12,81.2
1/19/24,499.3,49.78,69.82,465.8,143.9,251,101,7.94,10.12,81.4
1/22/24,502,49.95,70.9,463.6,148,252,102.2,8.045,10.18,81.4
1/23/24,494.5,49.62,70.48,459.4,145.85,251,99,7.82,10.2,81.4
1/24/24,498.1,48.72,71.56,461.6,147,253,99.4,7.82,10.28,82.2
1/25/24,498.2,48.75,72,460.8,146.45,259.5,99,7.7,10.2,81.4
1/26/24,506.8,49.26,72.7,467.8,148.1,258,101.4,7.79,10.28,83
1/29/24,503.4,48.7,71.86,460.8,146.4,250,100.6,7.75,10.6,83
1/30/24,523.6,49.92,73.18,475.2,149.2,257,101.8,7.995,10.8,83.6
1/31/24,534.2,51,75.44,487,154.5,252,103.4,8.41,11.1,86.8
2/1/24,543,51.2,75.72,484.2,154.55,285,103.8,8.45,11.8,89
2/2/24,559.2,53.54,78.52,495.4,160,288,106.2,8.58,11.94,94
2/5/24,555,53.2,77.64,492.2,158.5,281.5,105.4,8.45,11.76,95.2
2/6/24,554.8,52.94,77.74,480.4,158.5,289.5,105.2,8.52,10.92,95.2
2/7/24,563,53,78.18,494.8,159.75,283.5,105.8,8.485,11.58,95
2/8/24,551.6,52.4,76.84,475.6,158,273.5,104.2,8.64,11.3,94.4
2/9/24,546.4,52.16,76.68,476.6,158,275,103.6,8.4,11.5,94.4
2/12/24,564.8,52.3,77.7,485,158.75,281,104.2,8.4,11.4,93.2
2/13/24,570.6,52.02,77.5,475.6,158,274,103.4,8.5,11.44,92.6
2/14/24,595.8,53.48,80.94,495.4,163,279,103.6,8.995,11.7,93
2/15/24,615,52.9,81.26,491.6,160.95,278,103,9.07,11.54,94.2
2/16/24,629.4,53.84,82.84,505,163.25,282,104,9.26,11.96,95.2
2/19/24,640,53.94,82.6,516,163.35,287.5,107.8,9.375,12.8,98
2/20/24,652.8,55.28,84.84,535.5,167.6,292,110.8,9.59,14,98.4
2/21/24,658.8,55.42,85.18,531.5,167.95,295,111.8,9.52,14.92,98.6
2/22/24,665,56.1,87.5,541.5,170,296,110.8,9.75,16.7,100
2/23/24,683,56.5,88.3,555.5,173.85,302.5,110.2,9.7,16.52,103.5
2/26/24,674.4,55.82,89,551.5,173.65,305,112.2,10.04,17.02,104
2/27/24,669,55.3,87.68,547,171.7,310,110.8,10.13,17.3,103.5
2/28/24,664.8,54.46,89.6,546,171.4,306,110,9.94,17.38,101
2/29/24,695,55.56,95.9,549.5,173,313,110,9.995,17.5,103
3/1/24,687,56.24,94.82,549,173,311.5,108.8,10,17.54,105
3/4/24,679.8,56.42,93.8,549,172.35,304,107,9.85,17.22,103.5
3/5/24,672.4,55.2,91.02,540,171.15,303.5,107,9.81,17.16,99.2
3/6/24,671.6,55.26,89.7,539.5,169.05,304.5,108.2,9.865,16.88,97
3/7/24,667.2,53.48,88.9,523,166.2,308.5,105.6,9.725,16.1,94
3/8/24,688,53.36,90.24,525,167.1,307.5,105.8,9.85,14,97
3/11/24,692.4,55,90.98,531.5,170.7,314,105.8,9.9,14.44,97
3/12/24,724,56.86,95.78,542,177.9,313,108,10.24,16.5,98.8
3/13/24,715,56.3,96,546,176,315,107.8,10.45,17.4,104
3/14/24,714.8,56.3,94.98,536.5,175.7,318,106.6,10.35,16.7,105
3/15/24,723.8,55.32,96.54,535.5,174.3,325.5,108.6,10.51,15.8,104.5
3/18/24,725,55.52,94.64,527.5,170.15,316.5,106,10.59,14.96,105
3/19/24,710.8,55.28,94.36,523,168.75,309.5,107.8,10.4,15.42,104.5
3/20/24,709,56.2,93,530.5,173.15,308.5,108,10.08,15.86,105.5
3/21/24,736,58.1,96.88,555,179.1,326,109,10.57,16.68,110.5
3/22/24,737,57.62,95.32,551,177.5,322.5,107.6,10.6,16.26,110.5
3/25/24,726.2,57.1,95.26,544.5,175.2,323,108.4,10.48,16.18,108
3/26/24,750,58.2,96.6,555.5,178.5,335,109,10.67,16.04,110
3/27/24,743,58.4,96.8,559.5,178,336,109,10.5,15.88,108
3/28/24,740.2,59.34,97.94,569.5,181.85,339.5,108.6,10.32,16.1,109
3/29/24,740.2,59.34,97.94,569.5,181.85,339.5,108.6,10.32,16.1,109
4/1/24,740.2,59.34,97.94,569.5,181.85,339.5,108.6,10.32,16.1,109
4/2/24,734,59,98.5,569.8,180.7,349,111.8,10.49,16.6,110
4/3/24,731.2,59.2,98.92,572.6,181.35,347.5,112.2,10.38,16.7,108
4/4/24,731.6,60,102.15,576,184.1,340,113,10.67,16.45,110
4/5/24,741,60.24,105.75,578.8,186.75,345,113.8,10.4,16.4,105
4/8/24,740,61.04,107,581,190,349.5,117.8,10.33,17.1,105
4/9/24,707,59.2,103.05,570,185.4,346,115.4,9.9,16.6,104
4/10/24,711.8,59.94,105.6,579,188.45,349.5,116,9.93,17,107
4/11/24,695.4,58.2,101.65,559.4,183,346,113.6,9.69,16.5,104
4/12/24,687.2,57.8,100.5,551.8,180.45,343,111.4,9.56,15.7,105.5
4/15/24,683.8,58.18,101.05,555.2,181.95,348,111.4,9.6,15.9,104.5
4/16/24,670.6,55.86,99.92,542.8,176.45,300,110.2,9.305,15.35,102.5
4/17/24,683,57.94,101.3,553.4,180.65,302,111.8,9.46,15.6,102
4/18/24,682.4,58.84,104.5,560,183.35,303,111.8,9.475,15.55,102.5
4/19/24,679.2,59.12,103.9,558.6,184.6,303,111.6,9.185,15.6,103
4/22/24,691,60.12,105.85,571.4,189.6,309,112,9.325,16.05,101
4/23/24,690.8,62.58,102.85,577.6,174.6,318,113.4,9.42,16.25,104.5
4/24/24,671,62.62,103.15,569.8,172.2,311.5,114,9.32,16.4,104
4/25/24,671.8,62,101.6,561,170,314,111,9.25,15.85,104.5
4/26/24,678,61.7,101.8,562.4,173.05,312,112,9.15,15.7,104
4/29/24,684.4,61.52,104.75,566,171.4,319.5,111.8,9.295,15.8,101
4/30/24,685.8,60.7,103.8,560.8,169,318,112,9.275,15.9,101
5/1/24,685.8,60.7,103.8,560.8,169,318,112,9.275,15.9,101
5/2/24,686.2,60.06,103.9,561.4,167.4,317,110.6,9.23,15.9,101.5
5/3/24,686.2,60.06,103.9,561.4,167.4,317,110.6,9.23,15.9,101.5
5/6/24,705,61.2,107.4,572.4,172,304.5,111,9.36,15.8,102.5
5/7/24,698.4,60.62,103.85,567.8,171.8,309,112,9.49,15.7,103
5/8/24,696.2,60.78,101.75,571.6,172,301,113.6,9.4,15.65,102.5
5/9/24,695.4,60.62,98.88,567.6,171.55,303,108.2,9.39,15.4,103
5/10/24,660,57.56,94.1,545.6,164.8,297,106.8,8.89,14.75,98.8
5/13/24,653.6,58.06,96.5,552.8,166.9,300,107.2,9,14.95,99
5/14/24,658.4,57.68,95.86,552.4,166.6,295,108,9.02,15.1,96.8
5/15/24,657,57.6,97.3,506.4,168.5,296.5,107.2,9.14,14.65,93.8
5/16/24,647.4,57.48,95.46,502.2,164.15,292.5,107.8,8.915,14.8,94
5/17/24,649.2,57.06,95.26,506,161.7,291,108,8.83,14.75,93.8
5/20/24,643.4,57.2,96.4,504.4,161.8,290,109.4,8.845,14.35,96.4
5/21/24,634.2,57.14,94.92,512,156.1,287.5,108.8,8.6,14.15,94.6
5/22/24,629.8,57,93.88,508.6,155.95,287,109.2,8.62,14.4,94
5/23/24,638.4,58.34,95.34,512.2,161.9,295,111.2,8.75,14.5,97.4
5/24/24,630.8,58.02,95.06,507.2,158.65,292,109.2,8.555,14.35,95.4
5/27/24,635.6,58.3,95.64,513,161.25,299,111,8.76,14.1,94.8
5/28/24,633,57.94,95,512.8,160.2,295.5,110,8.81,13.9,95.4
5/29/24,619.2,57.46,93.22,501.4,157.05,300,107,8.56,13.65,94.2
5/30/24,619.2,57.46,93.22,501.4,157.05,300,107,8.56,13.65,94.2
5/31/24,626,59.36,95.66,504.4,160,297,107.4,8.975,13.8,96.6
6/3/24,636,59,96.76,510,159.9,301.5,107.2,8.82,14,98
6/4/24,609.4,56.18,91.5,490,154.5,288,103.4,8.355,13.6,96.6
6/5/24,618.4,57.02,93.18,492,157.15,295.5,103.8,8.585,13.85,96.8
6/6/24,617,57.72,93.62,499.3,160,286.5,103,8.695,13.8,97
6/7/24,601,56.94,91.98,492.3,155.3,286.5,102.4,8.45,13.65,96.8
6/10/24,602.2,56.54,91.84,492.9,155.45,288.5,104,8.26,13.35,96.8
6/11/24,590.4,56.18,90.32,489.7,153.85,280,103,8.165,13.2,96
6/12/24,600.2,57.34,94.5,495.1,159.45,284.5,104.4,8.23,13.15,98
6/13/24,581.8,56.68,91,489.5,154.55,277.5,104.8,7.98,13,97
6/14/24,585,57.3,91.2,492.6,155.75,277.5,105,8.02,12.9,97
6/17/24,595.6,58.58,92.5,499.2,158,284,107,8.225,13,97
6/18/24,593.8,59.24,93,504.6,158.1,284,106,8.325,13.5,98
6/19/24,621,60.5,96.46,518,162.25,289,107.6,8.45,13.9,100
6/20/24,612.6,61.3,95.34,515,163.05,290.5,109,8.375,13.85,100.5
6/21/24,605.4,60.6,96.36,512.4,162.2,295,107,8.34,13.9,112
6/24/24,622.4,61.48,97.68,527.6,164.25,295,108.2,8.52,14.15,102
6/25/24,623.2,62.52,99.9,534,164.75,300,109,8.905,14.6,100.5
6/26/24,609,62.26,101,528,162.75,301,97.7,9,14.3,100
6/27/24,615,62.64,103.1,535.8,165,298.5,96.8,9.135,14.5,100
6/28/24,637,62.92,102.35,541.2,168,304,97.8,9.38,14.5,101
7/1/24,625.6,62.58,103.65,549.2,168.65,307,99.1,9.5,14.1,102
7/2/24,626.8,61.84,100.95,548.2,169.15,299,97,9.405,14.05,104
7/3/24,632.4,61.7,101.3,546.8,167.75,296,97.5,9.335,14.1,103.5
7/4/24,627.4,61.86,101.15,551.6,167.8,300,96.7,9.3,14.05,101.5
7/5/24,622.6,61.04,99.42,541.8,165.95,297,95.5,9.4,14.05,100.5
7/8/24,629.6,61.46,100.65,554.2,168.55,299,96.4,9.435,14.25,101.5
7/9/24,633,61.7,101.2,557.4,168.2,303,95.9,9.47,14,103
7/10/24,631,61.42,100.5,554,167.45,300,95.9,9.545,13.95,102.5
7/11/24,638.2,61.36,102,556.8,169.95,300,95.7,9.665,13.75,105
7/12/24,643.2,61.28,101.15,562.6,170.2,302.5,96,9.64,13.7,106.5
7/15/24,649.8,61.18,101.15,568.8,171.9,299.5,95.9,9.66,13.7,106
7/16/24,624.2,59.68,96.4,548,165.3,295,93.4,9.28,13.6,102
7/17/24,616,58.88,94.1,537.8,162,292,94.3,9.255,13.35,102
7/18/24,634.8,61,97.18,546.4,164.25,293.5,96.5,9.6,13.5,104
7/19/24,641,60.16,97.04,548.2,163.6,292.5,97.4,9.665,13.35,105.5
7/22/24,639.6,60.8,98.88,546,166.5,290.5,99.5,9.66,13.6,103.5
7/23/24,623,59.4,96.64,539.4,163.1,293,97.7,9.21,13.4,101.5
7/24/24,623,59.28,97.9,539.8,162.25,291,97.1,9.215,13.4,100.5
7/25/24,615,58.7,97.52,521.4,160.4,287,94.7,9.19,13.4,98.2